,eps_factor,pH,ionic,fasta
ht40,0.2,7.4,0.005,MAEPRQEFEVMEDHAGTYGLGDRKDQGGYTMHQDQEGDTDAGLKESPLQTPTEDGSEEPGSETSDAKSTPTAEDVTAPLVDEGAPGKQAAAQPHTEIPEGTTAEEAGIGDTPSLEDEAAGHVTQARMVSKSKDGTGSDDKKAKGADGKTKIATPRGAAPPGQKGQANATRIPAKTPPAPKTPPSSGEPPKSGDRSGYSSPGSPGTPGSRSRTPSLPTPPTREPKKVAVVRTPPKSPSSAKSRLQTAPVPMPDLKNVKSKIGSTENLKHQPGGGKVQIINKKLDLSNVQSKCGSKDNIKHVPGGGSVQIVYKPVDLSKVTSKCGSLGNIHHKPGGGQVEVKSEKLDFKDRVQSKIGSLDNITHVPGGGNKKIETHKLTFRENAKAKTDHGAEIVYKSPVVSGDTSPRHLSNVSSTGSIDMVDSPQLATLADEVSASLAKQGL
FUS,0.2,5.5,0.15,MASNDYTQQATQSYGAYPTQPGQGYSQQSSQPYGQQSYSGYSQSTDTSGYGQSSYSSYGQSQNTGYGTQSTPQGYGSTGGYGSSQSSQSSYGQQSSYPGYGQQPAPSSTSGSYGSSSQSSSYGQPQSGSYSQQPSYGGQQQSYGQQQSYNPPQGYGQQNQYNS
M10R,0.2,7.0,0.15,GSMASASSSQGGSSGSGNFGGGGGGGFGGNDNFGGGGNFSGSGGFGGSGGGGGYGGSGDGYNGFGNDGSNFGGGGSYNDFGNYNNQSSNFGPMKGGNFGGSSSGPYGGGGQYFAKPGNQGGYGGSSSSSSYGSGGGF
P7FM7Y,0.2,7.0,0.15,GSMASASSSQRGRSGSGNFGGGRGGGFGGNDNFGRGGNFSGRGGFGGSRGGGGFGGSGDGFNGFGNDGSNFGGGGSFNDFGNFNNQSSNFGPMKGGNFGGRSSGGSGGGGQFFAKPRNQGGFGGSSSSSSFGSGRRF
M8FP4Y,0.2,7.0,0.15,GSMASASSSQRGRSGSGNFGGGRGGGYGGNDNGGRGGNYSGRGGFGGSRGGGGYGGSGDGYNGGGNDGSNYGGGGSYNDSGNYNNQSSNFGPMKGGNYGGRSSGGSGGGGQYGAKPRNQGGYGGSSSSSSYGSGRRF
M4D,0.2,7.0,0.15,GSMASASSSQRGRSGSGNFGGGRGGGFGGNGNFGRGGNFSGRGGFGGSRGGGGYGGSGGGYNGFGNSGSNFGGGGSYNGFGNYNNQSSNFGPMKGGNFGGRSSGPYGGGGQYFAKPRNQGGYGGSSSSSSYGSGRRF
P4D,0.2,7.0,0.15,GSMASASSSQRDRSGSGNFGGGRGGGFGGNDNFGRGGNFSGRGDFGGSRGGGGYGGSGDGYNGFGNDGSNFGGGGSYNDFGNYNNQSSNFGPMKGGNFGGRSSDPYGGGGQYFAKPRNQGGYGGSSSSSSYDSGRRF
M6R,0.2,7.0,0.15,GSMASASSSQGGRSGSGNFGGGRGGGFGGNDNFGGGGNFSGSGGFGGSRGGGGYGGSGDGYNGFGNDGSNFGGGGSYNDFGNYNNQSSNFGPMKGGNFGGSSSGPYGGGGQYFAKPGNQGGYGGSSSSSSYGSGGRF
P8D,0.2,7.0,0.15,GSMASASSSQRDRSGSGNFGGGRDGGFGGNDNFGRGDNFSGRGDFGGSRDGGGYGGSGDGYNGFGNDGSNFGGGGSYNDFGNYNNQSSNFGPMKGGNFGGRSSDPYGGGGQYFAKPRNQDGYGGSSSSSSYDSGRRF
M9FP6Y,0.2,7.0,0.15,GSMASASSSQRGRSGSGNFGGGRGGGYGGNDNYGRGGNYSGRGGFGGSRGGGGYGGSGDGYNGGGNDGSNYGGGGSYNDSGNYNNQSSNFGPMKGGNYGGRSSGGSGGGGQYGAKPRNQGGYGGSSSSSSYGSGRRY
M12FP12Y,0.2,7.0,0.15,GSMASASSSQRGRSGSGNYGGGRGGGYGGNDNYGRGGNYSGRGGYGGSRGGGGYGGSGDGYNGYGNDGSNYGGGGSYNDYGNYNNQSSNYGPMKGGNYGGRSSGGSGGGGQYYAKPRNQGGYGGSSSSSSYGSGRRY
M9FP3Y,0.2,7.0,0.15,GSMASASSSQRGRSGSGNFGGGRGGGYGGNDNGGRGGNYSGRGGFGGSRGGGGYGGSGDGYNGGGNDGSNYGGGGSYNDSGNGNNQSSNFGPMKGGNYGGRSSGGSGGGGQYGAKPRNQGGYGGSSSSSSYGSGRRS
A1,0.2,7.0,0.15,GSMASASSSQRGRSGSGNFGGGRGGGFGGNDNFGRGGNFSGRGGFGGSRGGGGYGGSGDGYNGFGNDGSNFGGGGSYNDFGNYNNQSSNFGPMKGGNFGGRSSGGSGGGGQYFAKPRNQGGYGGSSSSSSYGSGRRF
AroP,,,,
AroM,,,,
AroMM,,,,
Ddx4WT,0.2,6.5,0.13,MGDEDWEAEINPHMSSYVPIFEKDRYSGENGDNFNRTPASSSEMDDGPSRRDHFMKSGFASGRNFGNRDAGECNKRDNTSTMGGFGVGKSFGNRGFSNSRFEDGDSSGFWRESSNDCEDNPTRNRGFSKRGGYRDGNNSEASGPYRRGGRGSFRGCRGGFGLGSPNNDLDPDECMQRTGGLFGSRRPVLSGTGNGDTSQSRSGSGSERGGYKGLNEEVITGSGKNSWKSEAEGGES
Ddx4CS,0.2,6.5,0.13,MGDRDWRAEINPHMSSYVPIFEKDRYSGENGRNFNDTPASSSEMRDGPSERDHFMKSGFASGDNFGNRDAGKCNERDNTSTMGGFGVGKSFGNEGFSNSRFERGDSSGFWRESSNDCRDNPTRNDGFSDRGGYEKGNNSEASGPYERGGRGSFDGCRGGFGLGSPNNRLDPRECMQRTGGLFGSDRPVLSGTGNGDTSQSRSGSGSERGGYKGLNEKVITGSGENSWKSEARGGES
Ddx4RK,0.2,6.5,0.13,MGDEDWEAEINPHMSSYVPIFEKDKYSGENGDNFNKTPASSSEMDDGPSKKDHFMKSGFASGKNFGNKDAGECNKKDNTSTMGGFGVGKSFGNKGFSNSKFEDGDSSGFWKESSNDCEDNPTKNKGFSKKGGYKDGNNSEASGPYKKGGKGSFKGCKGGFGLGSPNNDLDPDECMQKTGGLFGSKKPVLSGTGNGDTSQSKSGSGSEKGGYKGLNEEVITGSGKNSWKSEAEGGES
Ddx4FA,0.2,6.5,0.13,MGDEDWEAEINPHMSSYVPIAEKDRYSGENGDNANRTPASSSEMDDGPSRRDHAMKSGAASGRNAGNRDAGECNKRDNTSTMGGAGVGKSAGNRGASNSRAEDGDSSGAWRESSNDCEDNPTRNRGASKRGGYRDGNNSEASGPYRRGGRGSARGCRGGAGLGSPNNDLDPDECMQRTGGLAGSRRPVLSGTGNGDTSQSRSGSGSERGGYKGLNEEVITGSGKNSWKSEAEGGES
A2NS,0.2,5.5,0.01,GHMGRGGSFGFGDSRGGGGSFGPGPGSSFRGGSDGYGSGRGFGDGYSGYGGGPGGGSFGGSPGYGGGRGGYGGGGPGYGSQGGGYGGGYDSYGGGSYGSGSYSDFGSYSQQPSSYGPMKSGSFGGSRSMGGPYGGGSYGPGGSGGSGGYGGRSRY
M10FP7RP12D,0.2,7.0,0.15,GSMASADSSQRDRDDRGNFGDGRGGGGGGNDNFGRGGNGSDRGGGGGSRGDGRYGGDGDRYNGGGNDGRNGGGGGSYNDGGNYNNQSSNGDPMKGGNGRDRSSGPYDRGGQYGAKPRNQGGYGGSSSSRSYGSDRRG
M6RP6K,0.2,7.0,0.15,GSMASASSSQKGKSGSGNFGGGRGGGFGGNDNFGKGGNFSGRGGFGGSKGGGGYGGSGDGYNGFGNDGSNFGGGGSYNDFGNYNNQSSNFGPMKGGNFGGKSSGGSGGGGQYFAKPRNQGGYGGSSSSSSYGSGRKF
P7R,0.2,7.0,0.15,GSMASASSSQRGRSGRGNFGGGRGGGFGGNDNFGRGGNFSGRGGFGGSRGGGRYGGSGDRYNGFGNDGRNFGGGGSYNDFGNYNNQSSNFGPMKGGNFRGRSSGPYGRGGQYFAKPRNQGGYGGSSSSRSYGSGRRF
M3RP3K,0.2,7.0,0.15,GSMASASSSQRGKSGSGNFGGGRGGGFGGNDNFGRGGNFSGRGGFGGSKGGGGYGGSGDGYNGFGNDGSNFGGGGSYNDFGNYNNQSSNFGPMKGGNFGGRSSGGSGGGGQYFAKPRNQGGYGGSSSSSSYGSGRKF
P7KP12D,0.2,7.0,0.15,GSMASADSSQRDRDDKGNFGDGRGGGFGGNDNFGRGGNFSDRGGFGGSRGDGKYGGDGDKYNGFGNDGKNFGGGGSYNDFGNYNNQSSNFDPMKGGNFKDRSSGPYDKGGQYFAKPRNQGGYGGSSSSKSYGSDRRF
P2R,0.2,7.0,0.15,GSMASASSSQRGRSGSGNFGGGRGGGFGGNDNFGRGGNFSGRGGFGGSRGGGGYGGSGDGYNGFRNDGSNFGGGGRYNDFGNYNNQSSNFGPMKGGNFGGRSSGPYGGGGQYFAKPRNQGGYGGSSSSSSYGSGRRF
P12D,0.2,7.0,0.15,GSMASADSSQRDRDDSGNFGDGRGGGFGGNDNFGRGGNFSDRGGFGGSRGDGGYGGDGDGYNGFGNDGSNFGGGGSYNDFGNYNNQSSNFDPMKGGNFGDRSSGPYDGGGQYFAKPRNQGGYGGSSSSSSYGSDRRF
A1NLS,0.2,7.0,0.15,GSMASASSSQRGRSGSGNFGGGRGGGFGGNDNFGRGGNFSGRGGFGGSRGGGGYGGSGDGYNGFGNDGSNFGGGGSYNDFGNYNNQSSNFGPMKGGNFGGRSSGPYGGGGQYFAKPRNQGGYGGSSSSSSYGSGRRF
